
<beans xsi:schemaLocation="http://www.springframework.org/schema/mvc 
	http://www.springframework.org/schema/mvc/spring-mvc.xsd 
	http://www.springframework.org/schema/beans 
	http://www.springframework.org/schema/beans/spring-beans.xsd 
	http://www.springframework.org/schema/context 
	http://www.springframework.org/schema/context/spring-context.xsd 
	http://www.springframework.org/schema/tx 
	http://www.springframework.org/schema/tx/spring-tx.xsd" 
	xmlns:mvc="http://www.springframework.org/schema/mvc" 
	xmlns:tx="http://www.springframework.org/schema/tx" 
	xmlns:context="http://www.springframework.org/schema/context" 
	xmlns="http://www.springframework.org/schema/beans" 
	xmlns:xsi="http://www.w3.org/2001/XMLSchema-instance">	
	<mvc:annotation-driven/>
	<context:annotation-config/>

	<bean class="org.springframework.web.servlet.view.InternalResourceViewResolver" name="viewResolver">
		<property name="prefix" value="/WEB-INF/views/" />
		<property name="suffix" value=".jsp" />
	</bean>

	<context:component-scan base-package="com.das" />
	<mvc:resources location="/WEB-INF/resources/" mapping="/resources/**"></mvc:resources>
		
	<bean name="ds" class="org.springframework.jdbc.datasource.DriverManagerDataSource">	
		<property name="driverClassName" value="com.mysql.cj.jdbc.Driver"/>		
		<property name="url" value="jdbc:mysql://localhost:3306/DocMeet"/>		
		<property name="username" value="root"/>		
		<property name="password" value="giri"/>		
	</bean>
	
	<!-- <bean name="ds" class="org.springframework.jdbc.datasource.DriverManagerDataSource">	
		<property name="driverClassName" value="com.mysql.cj.jdbc.Driver"/>		
		<property name="url" value="jdbc:mysql://u54nfzgnfylgg76h:uliLH14igrLo4U2XDBob@b4jfjzvdhh3iqwoizx27-mysql.services.clever-cloud.com:3306/b4jfjzvdhh3iqwoizx27"/>		
		<property name="username" value="u54nfzgnfylgg76h"/>		
		<property name="password" value="uliLH14igrLo4U2XDBob"/>		
	</bean> -->	
	
	<bean name="sf" class="org.springframework.orm.hibernate5.LocalSessionFactoryBean">	
		<property name="dataSource" ref="ds"/>
		
		<property name="hibernateProperties">
			<props>		
				<prop key="hibernate.dialect">org.hibernate.dialect.MySQL57Dialect</prop>		
				<prop key="hibernate.show_sql">true</prop>		
				<prop key="hibernate.hbm2ddl.auto">update</prop>
			</props>		
		</property>
		
		<property name="annotatedClasses">				
			<list>			
				<value>com.das.model.SignUpDoctor</value>	
				<value>com.das.model.SignIn</value>
				<value>com.das.model.DocAdditionalDetails</value>
				<value>com.das.model.BookAppointment</value>
				<value>com.das.model.GeneratePrescription</value>
				<value>com.das.model.ViewPrescription</value>
				<value>com.das.model.Cities</value>
				<value>com.das.model.AddDiseaseName</value>
				<value>com.das.model.AddDiseaseDetails</value>
				<value>com.das.model.ContactUs</value>
				<value>com.das.model.UserDetails</value>
				<value>com.das.model.DiseaseName</value>
				<value>com.das.model.Scheme</value>
				<value>com.das.model.Feedback</value>				
			</list>		
		</property>		
	</bean>
	
	
	<bean name="ht" class="org.springframework.orm.hibernate5.HibernateTemplate">	
		<property name="sessionFactory" ref="sf"/>		
	</bean>
	
	<bean name="regisDAO" class="com.das.dao.RegisDAO">	
		<property name="hibernateTemplate" ref="ht"/>		
	</bean>
	
	<bean name="transactionManager" class="org.springframework.orm.hibernate5.HibernateTransactionManager">	
		<property name="sessionFactory" ref="sf"/>	
	</bean>
	
	<tx:annotation-driven/>
</beans>

